created_at,last_updated_at,customer_name,email,city_id,address_details
6/28/2024 8:04:03 AM +00:00,6/28/2024 8:04:03 AM +00:00,Geiss Company,lharrison3v@eepurl.com,6,
6/28/2024 8:04:03 AM +00:00,6/28/2024 8:04:03 AM +00:00,Jaxbean Group,jwilliamsonpk@eventbrite.com,42,
6/28/2024 8:04:03 AM +00:00,6/28/2024 8:04:03 AM +00:00,Ascend Ltd,wwilliamson1g@about.me,28,
6/28/2024 8:04:03 AM +00:00,6/28/2024 8:04:03 AM +00:00,Eire Corp,rgreene16@deviantart.com,64,
6/28/2024 8:04:03 AM +00:00,6/28/2024 8:04:03 AM +00:00,Blogtags Ltd,rscott2f@printfriendly.com,8,
6/28/2024 8:04:03 AM +00:00,6/28/2024 8:04:03 AM +00:00,Family Corp,ajacobs2g@seattletimes.com,61,
6/28/2024 8:04:03 AM +00:00,6/28/2024 8:04:03 AM +00:00,Skidoo Company,cmiller1e@statcounter.com,41,
6/28/2024 8:04:03 AM +00:00,6/28/2024 8:04:03 AM +00:00,Amerisourc Corp,kcarr11@ustream.tv,23,
6/28/2024 8:04:03 AM +00:00,6/28/2024 8:04:03 AM +00:00,Walgreen Corp,aparker1l@pcworld.com,10,
6/28/2024 8:04:03 AM +00:00,6/28/2024 8:04:03 AM +00:00,Unit Ltd,bmcdonald47@joomla.org,32,
6/28/2024 8:04:03 AM +00:00,6/28/2024 8:04:03 AM +00:00,Voonyx Group,sandrews4j@cisco.com,15,
6/28/2024 8:04:03 AM +00:00,6/28/2024 8:04:03 AM +00:00,Realcube Company,jharveydm@etsy.com,66,
6/28/2024 8:04:03 AM +00:00,6/28/2024 8:04:03 AM +00:00,Nexus Group,rsanders1e@latimes.com,9,
6/28/2024 8:04:03 AM +00:00,6/28/2024 8:04:03 AM +00:00,Alembic Ltd,bcooper41@guardian.co.uk,2,
6/28/2024 8:04:03 AM +00:00,6/28/2024 8:04:03 AM +00:00,Centizu Company,sgarcia9k@myspace.com,23,
6/28/2024 8:04:03 AM +00:00,6/28/2024 8:04:03 AM +00:00,Arbor Company,ajenkinsbb@feedburner.com,37,
6/28/2024 8:04:03 AM +00:00,6/28/2024 8:04:03 AM +00:00,Liberty Group,gperez2a@fda.gov,61,
6/28/2024 8:04:03 AM +00:00,6/28/2024 8:04:03 AM +00:00,Omba Group,fbryant5n@alibaba.com,36,
6/28/2024 8:04:03 AM +00:00,6/28/2024 8:04:03 AM +00:00,Roberts Company,cwagnera2@ed.gov,27,
6/28/2024 8:04:03 AM +00:00,6/28/2024 8:04:03 AM +00:00,Tagfeed Ltd,srichardson8l@ucla.edu,56,
6/28/2024 8:04:03 AM +00:00,6/28/2024 8:04:03 AM +00:00,Viva Ltd,wyoungoo@ucla.edu,55,
6/28/2024 8:04:03 AM +00:00,6/28/2024 8:04:03 AM +00:00,SAFEWAY Ltd,rclark1m@oracle.com,45,
6/28/2024 8:04:03 AM +00:00,6/28/2024 8:04:03 AM +00:00,Devpoint Group,lsanchez5d@umich.edu,48,
6/28/2024 8:04:03 AM +00:00,6/28/2024 8:04:03 AM +00:00,Mylan Corp,hmurray2p@loc.gov,66,
6/28/2024 8:04:03 AM +00:00,6/28/2024 8:04:03 AM +00:00,Zoonoodle Ltd,jphillipsj2@imgur.com,23,
6/28/2024 8:04:03 AM +00:00,6/28/2024 8:04:03 AM +00:00,Avavee Group,joliver1z@unesco.org,33,
6/28/2024 8:04:03 AM +00:00,6/28/2024 8:04:03 AM +00:00,Wise Company,bmatthewsm@dot.gov,28,
6/28/2024 8:04:03 AM +00:00,6/28/2024 8:04:03 AM +00:00,Army Group,aellis34@tiny.cc,46,
6/28/2024 8:04:03 AM +00:00,6/28/2024 8:04:03 AM +00:00,Voolia Ltd,btaylorv@networksolutions.com,12,
6/28/2024 8:04:03 AM +00:00,6/28/2024 8:04:03 AM +00:00,Shuffledri Group,vlittle3@wordpress.com,28,
6/28/2024 8:04:03 AM +00:00,6/28/2024 8:04:03 AM +00:00,Golden Corp,kmoreno34@ca.gov,36,
6/28/2024 8:04:03 AM +00:00,6/28/2024 8:04:03 AM +00:00,EMD Group,gramirez2k@xrea.com,54,
6/28/2024 8:04:03 AM +00:00,6/28/2024 8:04:03 AM +00:00,Cadila Ltd,joliver2c@usda.gov,36,
6/28/2024 8:04:03 AM +00:00,6/28/2024 8:04:03 AM +00:00,Z.H.T. Group,rwhitedq@nymag.com,29,
6/28/2024 8:04:03 AM +00:00,6/28/2024 8:04:03 AM +00:00,Aromaticos Company,jprice67@issuu.com,34,
6/28/2024 8:04:03 AM +00:00,6/28/2024 8:04:03 AM +00:00,Trunyx Ltd,bwest3r@barnesandnoble.com,16,
6/28/2024 8:04:03 AM +00:00,6/28/2024 8:04:03 AM +00:00,Mycone Ltd,jcruz2p@php.net,41,
6/28/2024 8:04:03 AM +00:00,6/28/2024 8:04:03 AM +00:00,Neutrogena Ltd,aharveyd3@flavors.me,33,
6/28/2024 8:04:03 AM +00:00,6/28/2024 8:04:03 AM +00:00,Kazu Corp,jwoodo@mit.edu,45,
6/28/2024 8:04:03 AM +00:00,6/28/2024 8:04:03 AM +00:00,Twinte Group,ebellpi@yandex.ru,59,
6/28/2024 8:04:03 AM +00:00,6/28/2024 8:04:03 AM +00:00,Pixoboo Corp,gpalmer43@hexun.com,25,
6/28/2024 8:04:03 AM +00:00,6/28/2024 8:04:03 AM +00:00,Colgate-Pa Group,dmorrisf1@google.pl,20,
6/28/2024 8:04:03 AM +00:00,6/28/2024 8:04:03 AM +00:00,Pacific Ltd,pkennedyt@amazon.co.uk,20,
6/28/2024 8:04:03 AM +00:00,6/28/2024 8:04:03 AM +00:00,Fivechat Company,jrose1k@163.com,10,
6/28/2024 8:04:03 AM +00:00,6/28/2024 8:04:03 AM +00:00,State Ltd,mbarnesv@google.nl,35,
6/28/2024 8:04:03 AM +00:00,6/28/2024 8:04:03 AM +00:00,Chatterpoi Corp,brice3h@linkedin.com,15,
6/28/2024 8:04:03 AM +00:00,6/28/2024 8:04:03 AM +00:00,Gigabox Group,jjohnston3t@homestead.com,39,
6/28/2024 8:04:03 AM +00:00,6/28/2024 8:04:03 AM +00:00,Rochester Group,ksmith4t@blinklist.com,24,
6/28/2024 8:04:03 AM +00:00,6/28/2024 8:04:03 AM +00:00,Skyvu Group,cmontgomeryn@twitpic.com,58,
6/28/2024 8:04:03 AM +00:00,6/28/2024 8:04:03 AM +00:00,Wordtune Company,ssnyder4l@cafepress.com,32,
6/28/2024 8:04:03 AM +00:00,6/28/2024 8:04:03 AM +00:00,Yombu Corp,dfox1t@reuters.com,13,
6/28/2024 8:04:03 AM +00:00,6/28/2024 8:04:03 AM +00:00,Avamba Company,abradleyag@patch.com,46,
6/28/2024 8:04:03 AM +00:00,6/28/2024 8:04:03 AM +00:00,Kare Corp,pfreeman2d@edublogs.org,50,
6/28/2024 8:04:03 AM +00:00,6/28/2024 8:04:03 AM +00:00,Revitol Company,aramos9w@php.net,41,
6/28/2024 8:04:03 AM +00:00,6/28/2024 8:04:03 AM +00:00,American Corp,ecollinsd1@seesaa.net,52,
6/28/2024 8:04:03 AM +00:00,6/28/2024 8:04:03 AM +00:00,Realpoint Corp,mgeorgecd@elegantthemes.com,11,
6/28/2024 8:04:03 AM +00:00,6/28/2024 8:04:03 AM +00:00,Camido Company,alopez2b@vistaprint.com,54,
6/28/2024 8:04:03 AM +00:00,6/28/2024 8:04:03 AM +00:00,Ozu Ltd,rburns9i@usda.gov,14,
6/28/2024 8:04:03 AM +00:00,6/28/2024 8:04:03 AM +00:00,Gabvine Ltd,aturner9s@webs.com,64,
6/28/2024 8:04:03 AM +00:00,6/28/2024 8:04:03 AM +00:00,BTA Corp,jpeters2z@wordpress.org,5,
6/28/2024 8:04:03 AM +00:00,6/28/2024 8:04:03 AM +00:00,Eidel Corp,jrogersda@dion.ne.jp,5,
6/28/2024 8:04:03 AM +00:00,6/28/2024 8:04:03 AM +00:00,Topiczoom Corp,tgordondk@diigo.com,53,
6/28/2024 8:04:03 AM +00:00,6/28/2024 8:04:03 AM +00:00,Pfizer Corp,cwillis4l@answers.com,26,
6/28/2024 8:04:03 AM +00:00,6/28/2024 8:04:03 AM +00:00,Fatz Group,fedwards4w@latimes.com,31,
6/28/2024 8:04:03 AM +00:00,6/28/2024 8:04:03 AM +00:00,CARDINAL Group,emarshall1o@multiply.com,8,
6/28/2024 8:04:03 AM +00:00,6/28/2024 8:04:03 AM +00:00,Bluezoom Group,dwallace1v@unblog.fr,8,
6/28/2024 8:04:03 AM +00:00,6/28/2024 8:04:03 AM +00:00,Skyble Corp,dperkinsc1@washingtonpost.com,12,
6/28/2024 8:04:03 AM +00:00,6/28/2024 8:04:03 AM +00:00,True Ltd,bcollins1t@prweb.com,4,
6/28/2024 8:04:03 AM +00:00,6/28/2024 8:04:03 AM +00:00,Vinte Group,randerson1k@mozilla.com,48,
6/28/2024 8:04:03 AM +00:00,6/28/2024 8:04:03 AM +00:00,Cogidoo Company,mcarrolli3@foxnews.com,36,
6/28/2024 8:04:03 AM +00:00,6/28/2024 8:04:03 AM +00:00,Remedy Ltd,gray5n@bravesites.com,38,
6/28/2024 8:04:03 AM +00:00,6/28/2024 8:04:03 AM +00:00,Wordware Company,tlopezn@bandcamp.com,15,
6/28/2024 8:04:03 AM +00:00,6/28/2024 8:04:03 AM +00:00,Deseret Group,grobinson3g@sun.com,31,
6/28/2024 8:04:03 AM +00:00,6/28/2024 8:04:03 AM +00:00,Dazzlesphe Corp,mpalmera6@census.gov,50,
6/28/2024 8:04:03 AM +00:00,6/28/2024 8:04:03 AM +00:00,Cogilith Group,bnelson17@parallels.com,50,
6/28/2024 8:04:03 AM +00:00,6/28/2024 8:04:03 AM +00:00,NARS Group,bhamilton70@multiply.com,27,
6/28/2024 8:04:03 AM +00:00,6/28/2024 8:04:03 AM +00:00,Valeant Corp,bbowman1j@phpbb.com,60,
6/28/2024 8:04:03 AM +00:00,6/28/2024 8:04:03 AM +00:00,US Ltd,astone14@shareasale.com,50,
6/28/2024 8:04:03 AM +00:00,6/28/2024 8:04:03 AM +00:00,Blogspan Ltd,ghuntf5@gravatar.com,6,
6/28/2024 8:04:03 AM +00:00,6/28/2024 8:04:03 AM +00:00,Realbuzz Ltd,gandrews39@nifty.com,42,
6/28/2024 8:04:03 AM +00:00,6/28/2024 8:04:03 AM +00:00,General Company,mjones2v@omniture.com,48,
6/28/2024 8:04:03 AM +00:00,6/28/2024 8:04:03 AM +00:00,Accudial Company,ngarza2s@illinois.edu,2,
6/28/2024 8:04:03 AM +00:00,6/28/2024 8:04:03 AM +00:00,sanofi-ave Group,pday6g@plala.or.jp,29,
6/28/2024 8:04:03 AM +00:00,6/28/2024 8:04:03 AM +00:00,The Ltd,gporter3l@nba.com,27,
6/28/2024 8:04:03 AM +00:00,6/28/2024 8:04:03 AM +00:00,Lazzy Group,ewright29@theatlantic.com,19,
6/28/2024 8:04:03 AM +00:00,6/28/2024 8:04:03 AM +00:00,Voolith Ltd,ddayqi@amazon.co.jp,66,
6/28/2024 8:04:03 AM +00:00,6/28/2024 8:04:03 AM +00:00,Johnson Ltd,rrussell6p@multiply.com,53,
6/28/2024 8:04:03 AM +00:00,6/28/2024 8:04:03 AM +00:00,Twitterbri Ltd,lburkefb@epa.gov,46,
6/28/2024 8:04:03 AM +00:00,6/28/2024 8:04:03 AM +00:00,Internatio Company,bbutler13@addtoany.com,28,
6/28/2024 8:04:03 AM +00:00,6/28/2024 8:04:03 AM +00:00,Aimbo Corp,criveramf@mysql.com,49,
6/28/2024 8:04:03 AM +00:00,6/28/2024 8:04:03 AM +00:00,Zoonder Group,lboydnj@forbes.com,19,
6/28/2024 8:04:03 AM +00:00,6/28/2024 8:04:03 AM +00:00,Yodoo Ltd,fscottii@fotki.com,24,
6/28/2024 8:04:03 AM +00:00,6/28/2024 8:04:03 AM +00:00,Meejo Corp,jreed7i@epa.gov,29,
6/28/2024 8:04:03 AM +00:00,6/28/2024 8:04:03 AM +00:00,Browsetype Corp,fbutlerco@1und1.de,63,
6/28/2024 8:04:03 AM +00:00,6/28/2024 8:04:03 AM +00:00,Realbridge Corp,sross1f@xrea.com,9,
6/28/2024 8:04:03 AM +00:00,6/28/2024 8:04:03 AM +00:00,Thoughtmix Ltd,ssanchez5k@netvibes.com,43,
6/28/2024 8:04:03 AM +00:00,6/28/2024 8:04:03 AM +00:00,Twimbo Company,halvarezm@stanford.edu,23,
6/28/2024 8:04:03 AM +00:00,6/28/2024 8:04:03 AM +00:00,Natures Group,dbishopcy@nasa.gov,7,
6/28/2024 8:04:03 AM +00:00,6/28/2024 8:04:03 AM +00:00,Flipbug Ltd,rford65@google.co.jp,13,
6/28/2024 8:04:03 AM +00:00,6/28/2024 8:04:03 AM +00:00,Aibox Company,smorrisba@craigslist.org,6,
6/28/2024 8:04:03 AM +00:00,6/28/2024 8:04:03 AM +00:00,Feednation Corp,rbennett8q@tinypic.com,29,
6/28/2024 8:04:03 AM +00:00,6/28/2024 8:04:03 AM +00:00,Linkbuzz Ltd,bsimsla@icio.us,64,
6/28/2024 8:04:03 AM +00:00,6/28/2024 8:04:03 AM +00:00,Skajo Ltd,vwatkins8z@unblog.fr,36,
6/28/2024 8:04:03 AM +00:00,6/28/2024 8:04:03 AM +00:00,Mydeo Ltd,sjohnstonjs@deliciousdays.com,33,
6/28/2024 8:04:03 AM +00:00,6/28/2024 8:04:03 AM +00:00,Oozz Group,fcox6@soundcloud.com,65,
6/28/2024 8:04:03 AM +00:00,6/28/2024 8:04:03 AM +00:00,Organon Corp,cwillis1c@theatlantic.com,15,
6/28/2024 8:04:03 AM +00:00,6/28/2024 8:04:03 AM +00:00,NCS Group,nandersonqk@blogspot.com,26,
6/28/2024 8:04:03 AM +00:00,6/28/2024 8:04:03 AM +00:00,Vitz Company,pmorales92@naver.com,27,
6/28/2024 8:04:03 AM +00:00,6/28/2024 8:04:03 AM +00:00,WOCKHARDT Group,mcarter8x@feedburner.com,19,
6/28/2024 8:04:03 AM +00:00,6/28/2024 8:04:03 AM +00:00,Holston Company,chamilton3z@geocities.jp,34,
6/28/2024 8:04:03 AM +00:00,6/28/2024 8:04:03 AM +00:00,Buzzbean Group,brodriguezmw@google.co.uk,10,
6/28/2024 8:04:03 AM +00:00,6/28/2024 8:04:03 AM +00:00,Skiptube Ltd,jmcdonaldbb@disqus.com,35,
6/28/2024 8:04:03 AM +00:00,6/28/2024 8:04:03 AM +00:00,Talane Group,ajacobs49@ow.ly,64,
6/28/2024 8:04:03 AM +00:00,6/28/2024 8:04:03 AM +00:00,Terumo Corp,pmartinez3e@fc2.com,37,
6/28/2024 8:04:03 AM +00:00,6/28/2024 8:04:03 AM +00:00,Dynazzy Company,ahansoni9@acquirethisname.com,61,
6/28/2024 8:04:03 AM +00:00,6/28/2024 8:04:03 AM +00:00,Epic Group,sruizd@wikia.com,44,
6/28/2024 8:04:03 AM +00:00,6/28/2024 8:04:03 AM +00:00,ALK-Abello Ltd,jwelch37@bigcartel.com,30,
6/28/2024 8:04:03 AM +00:00,6/28/2024 8:04:03 AM +00:00,MEIJER Corp,esimmons3g@guardian.co.uk,46,
6/28/2024 8:04:03 AM +00:00,6/28/2024 8:04:03 AM +00:00,Livepath Corp,tdavis1v@state.gov,5,
6/28/2024 8:04:03 AM +00:00,6/28/2024 8:04:03 AM +00:00,Chatterbri Ltd,smiller24@biglobe.ne.jp,50,
6/28/2024 8:04:03 AM +00:00,6/28/2024 8:04:03 AM +00:00,Tambee Company,hturnerw@answers.com,47,
6/28/2024 8:04:03 AM +00:00,6/28/2024 8:04:03 AM +00:00,Brightdog Corp,esimpson44@canalblog.com,33,
6/28/2024 8:04:03 AM +00:00,6/28/2024 8:04:03 AM +00:00,Muxo Group,hday5g@webnode.com,11,
6/28/2024 8:04:03 AM +00:00,6/28/2024 8:04:03 AM +00:00,Roomm Company,hbishop6d@goodreads.com,15,
6/28/2024 8:04:03 AM +00:00,6/28/2024 8:04:03 AM +00:00,Zooveo Company,jevans0@guardian.co.uk,22,
6/28/2024 8:04:03 AM +00:00,6/28/2024 8:04:03 AM +00:00,Rhynoodle Ltd,wshawq2@mlb.com,52,
6/28/2024 8:04:03 AM +00:00,6/28/2024 8:04:03 AM +00:00,Topco Company,phenry4a@samsung.com,4,
6/28/2024 8:04:03 AM +00:00,6/28/2024 8:04:03 AM +00:00,Cantrell Company,rcunninghamqt@bigcartel.com,35,
6/28/2024 8:04:03 AM +00:00,6/28/2024 8:04:03 AM +00:00,Sanum-Kehl Group,pwells2x@zimbio.com,50,
6/28/2024 8:04:03 AM +00:00,6/28/2024 8:04:03 AM +00:00,Jayo Company,mreyes1q@umn.edu,53,
6/28/2024 8:04:03 AM +00:00,6/28/2024 8:04:03 AM +00:00,Rooxo Company,jgriffine@latimes.com,22,
6/28/2024 8:04:03 AM +00:00,6/28/2024 8:04:03 AM +00:00,CLINIQUE Ltd,jthompson1e@nba.com,65,
6/28/2024 8:04:03 AM +00:00,6/28/2024 8:04:03 AM +00:00,Mydo Corp,rramoshq@jugem.jp,54,
6/28/2024 8:04:03 AM +00:00,6/28/2024 8:04:03 AM +00:00,Quimm Company,rhenry7y@squarespace.com,45,
6/28/2024 8:04:03 AM +00:00,6/28/2024 8:04:03 AM +00:00,Kaymbo Company,alittle8i@un.org,60,
6/28/2024 8:04:03 AM +00:00,6/28/2024 8:04:03 AM +00:00,Bath Group,cparker3z@state.tx.us,58,
6/28/2024 8:04:03 AM +00:00,6/28/2024 8:04:03 AM +00:00,Aldi Ltd,fcampbell80@360.cn,28,
6/28/2024 8:04:03 AM +00:00,6/28/2024 8:04:03 AM +00:00,Zoovu Corp,treynoldspc@freewebs.com,9,
6/28/2024 8:04:03 AM +00:00,6/28/2024 8:04:03 AM +00:00,Zoomzone Corp,kwheeler2h@army.mil,63,
6/28/2024 8:04:03 AM +00:00,6/28/2024 8:04:03 AM +00:00,Safecor Corp,bchapmanu@geocities.jp,53,
6/28/2024 8:04:03 AM +00:00,6/28/2024 8:04:03 AM +00:00,Skinder Group,slawsonci@meetup.com,46,
6/28/2024 8:04:03 AM +00:00,6/28/2024 8:04:03 AM +00:00,Skippad Ltd,jchavezik@aboutads.info,27,
6/28/2024 8:04:03 AM +00:00,6/28/2024 8:04:03 AM +00:00,Mita Corp,rfoxlk@slideshare.net,2,
6/28/2024 8:04:03 AM +00:00,6/28/2024 8:04:03 AM +00:00,Wordpedia Ltd,kmurray1y@go.com,12,
6/28/2024 8:04:03 AM +00:00,6/28/2024 8:04:03 AM +00:00,Janyx Group,earnold59@epa.gov,11,
6/28/2024 8:04:03 AM +00:00,6/28/2024 8:04:03 AM +00:00,Vimbo Company,srice31@exblog.jp,34,
6/28/2024 8:04:03 AM +00:00,6/28/2024 8:04:03 AM +00:00,SUPERVALU Ltd,pbowman2q@usa.gov,27,
6/28/2024 8:04:03 AM +00:00,6/28/2024 8:04:03 AM +00:00,Jabbercube Corp,dkennedyaj@intel.com,8,
6/28/2024 8:04:03 AM +00:00,6/28/2024 8:04:03 AM +00:00,Fred's Company,clawrence7v@slashdot.org,19,
6/28/2024 8:04:03 AM +00:00,6/28/2024 8:04:03 AM +00:00,Zooxo Ltd,hmoore3c@privacy.gov.au,43,
6/28/2024 8:04:03 AM +00:00,6/28/2024 8:04:03 AM +00:00,Snaptags Ltd,jsullivangr@sun.com,57,
6/28/2024 8:04:03 AM +00:00,6/28/2024 8:04:03 AM +00:00,Eayo Company,jcastillo1w@independent.co.uk,33,
6/28/2024 8:04:03 AM +00:00,6/28/2024 8:04:03 AM +00:00,WOONSOCKET Corp,ejordan2g@nba.com,13,
6/28/2024 8:04:03 AM +00:00,6/28/2024 8:04:03 AM +00:00,GOOD Ltd,dhanson5@com.com,60,
6/28/2024 8:04:03 AM +00:00,6/28/2024 8:04:03 AM +00:00,Zoomdog Corp,gsmith1x@youku.com,25,
6/28/2024 8:04:03 AM +00:00,6/28/2024 8:04:03 AM +00:00,Actavis Company,jkimw@netscape.com,22,
6/28/2024 8:04:03 AM +00:00,6/28/2024 8:04:03 AM +00:00,Flipstorm Group,jcarr8@oakley.com,51,
6/28/2024 8:04:03 AM +00:00,6/28/2024 8:04:03 AM +00:00,Linklinks Ltd,kjones2g@walmart.com,15,
6/28/2024 8:04:03 AM +00:00,6/28/2024 8:04:03 AM +00:00,Quaxo Ltd,jgray33@blogtalkradio.com,30,
6/28/2024 8:04:03 AM +00:00,6/28/2024 8:04:03 AM +00:00,Browsebug Company,jmedina4n@tumblr.com,16,
6/28/2024 8:04:03 AM +00:00,6/28/2024 8:04:03 AM +00:00,Aveda Group,swilson46@freewebs.com,58,
6/28/2024 8:04:03 AM +00:00,6/28/2024 8:04:03 AM +00:00,Oba Company,rnichols24@plala.or.jp,41,
6/28/2024 8:04:03 AM +00:00,6/28/2024 8:04:03 AM +00:00,Zava Group,emyers4p@princeton.edu,25,
6/28/2024 8:04:03 AM +00:00,6/28/2024 8:04:03 AM +00:00,Divanoodle Ltd,cgarrettkj@ted.com,26,
6/28/2024 8:04:03 AM +00:00,6/28/2024 8:04:03 AM +00:00,Buzzshare Company,awilliamson1@craigslist.org,57,
6/28/2024 8:04:03 AM +00:00,6/28/2024 8:04:03 AM +00:00,Brainspher Ltd,hfowler6h@xinhuanet.com,39,
6/28/2024 8:04:03 AM +00:00,6/28/2024 8:04:03 AM +00:00,Nlounge Ltd,fromero4g@behance.net,62,
6/28/2024 8:04:03 AM +00:00,6/28/2024 8:04:03 AM +00:00,Podcat Corp,wgreenks@ocn.ne.jp,35,
6/28/2024 8:04:03 AM +00:00,6/28/2024 8:04:03 AM +00:00,Fivebridge Ltd,vmarshall1s@freewebs.com,22,
6/28/2024 8:04:03 AM +00:00,6/28/2024 8:04:03 AM +00:00,SEINDNI Corp,jwilliamson1o@unblog.fr,58,
6/28/2024 8:04:03 AM +00:00,6/28/2024 8:04:03 AM +00:00,Accord Group,egraham2o@nsw.gov.au,18,
6/28/2024 8:04:03 AM +00:00,6/28/2024 8:04:03 AM +00:00,BB17 Company,jblackn@spiegel.de,18,
6/28/2024 8:04:03 AM +00:00,6/28/2024 8:04:03 AM +00:00,H Ltd,pgonzales7y@youku.com,12,
6/28/2024 8:04:03 AM +00:00,6/28/2024 8:04:03 AM +00:00,Tekfly Group,awashington5k@devhub.com,23,
6/28/2024 8:04:03 AM +00:00,6/28/2024 8:04:03 AM +00:00,SHISEIDO Ltd,rreyesqw@list-manage.com,1,
